<dblp>
<article mdate="2017-05-28" key="journals/acta/Saxena96">
  <author>Sanjeev Saxena</author>
  <title>Parallel Integer Sorting and Simulation Amongst CRCW Models.</title>
  <pages>607-619</pages>
  <year>1996</year>
  <volume>33</volume>
  <journal>Acta Inf.</journal>
  <number>7</number>
  <url>db/journals/acta/acta33.html#Saxena96</url>
  <ee>https://doi.org/10.1007/BF03036466</ee>
</article>
<article mdate="2017-05-28" key="journals/acta/Simon83">
<author>Hans Ulrich Simon</author>
<title>Pattern Matching in Trees and Nets.</title>
<pages>227-248</pages>
<year>1983</year>
<volume>20</volume>
<journal>Acta Inf.</journal>
<url>db/journals/acta/acta20.html#Simon83</url>
<ee>https://doi.org/10.1007/BF01257084</ee>
</article>
<article mdate="2017-05-28" key="journals/acta/GoodmanS83">
<author>Nathan Goodman</author>
<author>Oded Shmueli</author>
<title>NP-complete Problems Simplified on Tree Schemas.</title>
<pages>171-178</pages>
<year>1983</year>
<volume>20</volume>
<journal>Acta Inf.</journal>
<url>db/journals/acta/acta20.html#GoodmanS83</url>
<ee>https://doi.org/10.1007/BF00289414</ee>
</article><article mdate="2017-05-28" key="journals/acta/Blum82">
<author>Norbert Blum</author>
<title>On the Power of Chain Rules in Context Free Grammars.</title>
<pages>425-433</pages>
<year>1982</year>
<volume>17</volume>
<journal>Acta Inf.</journal>
<url>db/journals/acta/acta17.html#Blum82</url>
<ee>https://doi.org/10.1007/BF00264161</ee>
</article><article mdate="2017-05-28" key="journals/acta/Schonhage77">
<author>Arnold Schnhage</author>
<title>Schnelle Multiplikation von Polynomenber Krpern der Charakteristik 2.</title>
<journal>Acta Inf.</journal>
<volume>7</volume>
<year>1977</year>
<pages>395-398</pages>
<url>db/journals/acta/acta7.html#Schonhage77</url>
<ee>https://doi.org/10.1007/BF00289470</ee>
</article><article mdate="2017-05-28" key="journals/acta/Honkala11">
<author>Juha Honkala</author>
<title>A characterization of rational D0L power series.</title>
<pages>19-24</pages>
<year>2011</year>
<volume>48</volume>
<journal>Acta Inf.</journal>
<number>1</number>
<ee>https://doi.org/10.1007/s00236-010-0128-1</ee>
<url>db/journals/acta/acta48.html#Honkala11</url>
</article><article mdate="2017-05-28" key="journals/acta/HuangL87">
<author>Chua-Huang Huang</author>
<author>Christian Lengauer</author>
<title>The Derivation of Systolic Implementations of Programs.</title>
<pages>595-632</pages>
<year>1987</year>
<volume>24</volume>
<journal>Acta Inf.</journal>
<number>6</number>
<url>db/journals/acta/acta24.html#HuangL87</url>
<ee>https://doi.org/10.1007/BF00282618</ee>
</article><article mdate="2017-05-28" key="journals/acta/FinkelC87">
<author>Alain Finkel</author>
<author>Annie Choquet</author>
<title>Fifo Nets Without Order Deadlock.</title>
<pages>15-36</pages>
<year>1988</year>
<volume>25</volume>
<journal>Acta Inf.</journal>
<number>1</number>
<url>db/journals/acta/acta25.html#FinkelC87</url>
<ee>https://doi.org/10.1007/BF00268843</ee>
</article><article mdate="2017-05-28" key="journals/acta/Biskup78">
<author>Joachim Biskup</author>
<title>On the Complementation Rule for Multivalued Dependencies in Database Relations.</title>
<pages>297-305</pages>
<year>1978</year>
<volume>10</volume>
<journal>Acta Inf.</journal>
<url>db/journals/acta/acta10.html#Biskup78</url>
<ee>https://doi.org/10.1007/BF00264322</ee>
</article><article mdate="2017-05-28" key="journals/acta/BozapalidisFR12">
<author>Symeon Bozapalidis</author>
<author>Zoltn Flp 0001</author>
<author>George Rahonis</author>
<title>Equational weighted tree transformations.</title>
<pages>29-52</pages>
<year>2012</year>
<volume>49</volume>
<journal>Acta Inf.</journal>
<number>1</number>
<ee>https://doi.org/10.1007/s00236-011-0148-5</ee>
<url>db/journals/acta/acta49.html#BozapalidisFR12</url>
</article><article mdate="2017-05-28" key="journals/acta/KhomenkoKKV06">
<author>Victor Khomenko</author>
<author>Alex Kondratyev</author>
<author>Maciej Koutny</author>
<author>Walter Vogler</author>
<title>Merged processes: a new condensed representation of Petri net behaviour.</title>
<pages>307-330</pages>
<year>2006</year>
<volume>43</volume>
<journal>Acta Inf.</journal>
<number>5</number>
<ee>https://doi.org/10.1007/s00236-006-0023-y</ee>
<url>db/journals/acta/acta43.html#KhomenkoKKV06</url>
</article
<article mdate="2017-05-28" key="journals/acta/Hesselink13">
<author>Wim H. Hesselink</author>
<title>Verifying a simplification of mutual exclusion by Lycklama-Hadzilacos.</title>
<pages>199-228</pages>
<year>2013</year>
<volume>50</volume>
<journal>Acta Inf.</journal>
<number>3</number>
<ee>https://doi.org/10.1007/s00236-013-0178-2</ee>
<url>db/journals/acta/acta50.html#Hesselink13</url>
</article><article mdate="2017-05-28" key="journals/acta/Ronse83">
<author>Christian Ronse</author>
<title>A Three-Stage Construction for Multiconnection Networks.</title>
<pages>197-206</pages>
<year>1983</year>
<volume>20</volume>
<journal>Acta Inf.</journal>
<url>db/journals/acta/acta20.html#Ronse83</url>
<ee>https://doi.org/10.1007/BF00289416</ee>
</article><article mdate="2017-05-28" key="journals/acta/CritchlowP91">
<author>Carol Critchlow</author>
<author>Prakash Panangaden</author>
<title>The Expressive Power of Delay Operators in SCCS.</title>
<pages>447-452</pages>
<year>1991</year>
<volume>28</volume>
<journal>Acta Inf.</journal>
<number>5</number>
<url>db/journals/acta/acta28.html#CritchlowP91</url>
<ee>https://doi.org/10.1007/BF01178582</ee>
</article><article mdate="2017-05-28" key="journals/acta/Milner96">
<author>Robin Milner</author>
<title>Calculi for Interaction.</title>
<pages>707-737</pages>
<year>1996</year>
<volume>33</volume>
<journal>Acta Inf.</journal>
<number>8</number>
<url>db/journals/acta/acta33.html#Milner96</url>
<ee>https://doi.org/10.1007/BF03036472</ee>
</article><article mdate="2017-05-28" key="journals/acta/Darlington78">
<author>John Darlington</author>
<title>A Synthesis of Several Sorting Algorithms.</title>
<pages>1-30</pages>
<year>1978</year>
<volume>11</volume>
<journal>Acta Inf.</journal>
<url>db/journals/acta/acta11.html#Darlington78</url>
<ee>https://doi.org/10.1007/BF00264597</ee>
</article><article mdate="2017-05-28" key="journals/acta/CalzarossaIS86">
<author>Maria Calzarossa</author>
<author>M. Italiani</author>
<author>Giuseppe Serazzi</author>
<title>A Workload Model Representative of Static and Dynamic Characteristics.</title>
<pages>255-266</pages>
<year>1986</year>
<volume>23</volume>
<journal>Acta Inf.</journal>
<number>3</number>
<url>db/journals/acta/acta23.html#CalzarossaIS86</url>
<ee>https://doi.org/10.1007/BF00289113</ee>
</article><article mdate="2017-06-02" key="journals/acta/Vajnovszki02">
<author>Vincent Vajnovszki</author>
<title>Gray visiting Motzkins.</title>
<pages>793-811</pages>
<year>2002</year>
<volume>38</volume>
<journal>Acta Inf.</journal>
<number>11/12</number>
<ee>https://doi.org/10.1007/s00236-002-0097-0</ee>
<url>db/journals/acta/acta38.html#Vajnovszki02</url>
</article><article mdate="2017-05-28" key="journals/acta/VoglerS014">
<author>Walter Vogler</author>
<author>Christian Stahl</author>
<author>Richard Mller 0001</author>
<title>Trace- and failure-based semantics for responsiveness.</title>
<pages>499-552</pages>
<year>2014</year>
<volume>51</volume>
<journal>Acta Inf.</journal>
<number>8</number>
<ee>https://doi.org/10.1007/s00236-014-0205-y</ee>
<url>db/journals/acta/acta51.html#VoglerS014</url>
</article><article mdate="2017-05-28" key="journals/acta/Devroye87">
<author>Luc Devroye</author>
<title>Branching Processes in the Analysis of the Heights of Trees.</title>
<pages>277-298</pages>
<year>1987</year>
<volume>24</volume>
<journal>Acta Inf.</journal>
<number>3</number>
<url>db/journals/acta/acta24.html#Devroye87</url>
<ee>https://doi.org/10.1007/BF00265991</ee>
</article><article mdate="2017-05-28" key="journals/acta/HuT72">
<author>T. C. Hu</author>
<author>K. C. Tan</author>
<title>Least Upper Bound on the Cost of Optimum Binary Search Trees.</title>
<journal>Acta Inf.</journal>
<volume>1</volume>
<year>1972</year>
<pages>307-310</pages>
<url>db/journals/acta/acta1.html#HuT72</url>
<ee>https://doi.org/10.1007/BF00289510</ee>
</article><article mdate="2017-05-28" key="journals/acta/Franta76">
<author>William R. Franta</author>
<title>The Mathematical Analysis of the Computer System Modeled as a Two Stage Cyclic Queue.</title>
<pages>187-209</pages>
<year>1976</year>
<volume>6</volume>
<journal>Acta Inf.</journal>
<url>db/journals/acta/acta6.html#Franta76</url>
<ee>https://doi.org/10.1007/BF00268500</ee>
</article><article mdate="2017-05-28" key="journals/acta/Kindler95">
<author>Ekkart Kindler</author>
<title>Invariants, Composition, and Substitution.</title>
<journal>Acta Inf.</journal>
<volume>32</volume>
<number>4</number>
<year>1995</year>
<pages>299-312</pages>
<url>db/journals/acta/acta32.html#Kindler95</url>
<ee>https://doi.org/10.1007/BF01178381</ee>
</article><article mdate="2017-05-28" key="journals/acta/Kouvatsos86">
<author>Demetres D. Kouvatsos</author>
<title>Maximum Entropy and the <i> G/G/1/N </i> Queue.</title>
<pages>545-565</pages>
<year>1986</year>
<volume>23</volume>
<journal>Acta Inf.</journal>
<number>5</number>
<url>db/journals/acta/acta23.html#Kouvatsos86</url>
<ee>https://doi.org/10.1007/BF00288469</ee>
</article><article mdate="2017-06-02" key="journals/acta/GorlatchL00">
<author>Sergei Gorlatch</author>
<author>Christian Lengauer</author>
<title>Abstraction and Performance in the Design of Parallel Programs: An Overview of the SAT Approach.</title>
<pages>761-803</pages>
<year>2000</year>
<volume>36</volume>
<journal>Acta Inf.</journal>
<number>9/10</number>
<ee>https://doi.org/10.1007/s002360050174</ee>
<url>db/journals/acta/acta36.html#GorlatchL00</url>
</article><article mdate="2017-05-28" key="journals/acta/Meyer09">
<author>Roland Meyer</author>
<title>A theory of structural stationarity in the <i>pi</i> -Calculus.</title>
<pages>87-137</pages>
<year>2009</year>
<volume>46</volume>
<journal>Acta Inf.</journal>
<number>2</number>
<ee>https://doi.org/10.1007/s00236-009-0091-x</ee>
<url>db/journals/acta/acta46.html#Meyer09</url>
</article><article mdate="2018-11-14" key="journals/acta/Reisch81">
<author>Stefan Reisch</author>
<title>Hex ist PSPACE-vollstndig.</title>
<pages>167-191</pages>
<year>1981</year>
<volume>15</volume>
<journal>Acta Inf.</journal>
<url>db/journals/acta/acta15.html#Reisch81</url>
<ee>https://doi.org/10.1007/BF00288964</ee>
<ee>https://www.wikidata.org/entity/Q55951220</ee>
</article><article mdate="2017-06-02" key="journals/acta/Csuhaj-VarjuM00">
<author>Erzsbet Csuhaj-Varj</author>
<author>Victor Mitrana</author>
<title>Evolutionary Systems: A Language Generating Device Inspired by Evolving Communities of Cells.</title>
<pages>913-926</pages>
<year>2000</year>
<volume>36</volume>
<journal>Acta Inf.</journal>
<number>11</number>
<ee>https://doi.org/10.1007/s002360050178</ee>
<url>db/journals/acta/acta36.html#Csuhaj-VarjuM00</url>
</article><article mdate="2017-05-04" key="journals/acta/KariK17">
<author>Lila Kari</author>
<author>Manasi S. Kulkarni</author>
<title>Disjunctivity and other properties of sets of pseudo-bordered words.</title>
<pages>379-398</pages>
<year>2017</year>
<volume>54</volume>
<journal>Acta Inf.</journal>
<number>4</number>
<ee>https://doi.org/10.1007/s00236-016-0258-1</ee>
<url>db/journals/acta/acta54.html#KariK17</url>
</article>
</dblp>
