<phdthesis mdate="2016-09-20" key="phd/ethos/Dalzell01">
<author>Ryan Dalzell</author>
<title>Helmholtz machines and non-stationary data fusion.</title>
<year>2001</year>
<school>University of Edinburgh, UK</school>
<ee>http://hdl.handle.net/1842/13552</ee>
<ee>http://ethos.bl.uk/OrderDetails.do?uin=uk.bl.ethos.649091</ee>
<note type="source">British Library, EThOS</note>
</phdthesis>
<phdthesis mdate="2018-07-30" key="phd/ethos/Wagner15">
<author>Christian Wagner 0002</author>
<title>Towards better uncertainty handling based on zSlices and general type-2 fuzzy logic systems.</title>
<year>2015</year>
<school>University of Essex, Colchester, UK</school>
<ee>http://ethos.bl.uk/OrderDetails.do?uin=uk.bl.ethos.654421</ee>
<note type="source">British Library, EThOS</note>
</phdthesis>
<phdthesis mdate="2016-09-28" key="phd/ethos/Karagiannidis98">
<author>Charalampos Karagiannidis</author>
<title>Supporting run-time adaptation in intelligent user interfaces.</title>
<year>1998</year>
<school>University of Kent, UK</school>
<ee>http://ethos.bl.uk/OrderDetails.do?uin=uk.bl.ethos.242908</ee>
<note type="source">British Library, EThOS</note>
</phdthesis>
<phdthesis mdate="2016-09-05" key="phd/ethos/Revill07">
<author>John David Revill</author>
<title>Self-organising an indoor location system using a paintable amorphous computer.</title>
<year>2007</year>
<school>University of Southampton, UK</school>
<ee>http://eprints.soton.ac.uk/66799/</ee>
<ee>http://ethos.bl.uk/OrderDetails.do?uin=uk.bl.ethos.503190</ee>
<note type="source">British Library, EThOS</note>
</phdthesis>
<phdthesis mdate="2016-09-05" key="phd/ethos/McCallum06">
<author>Mairi McCallum</author>
<title>MOCHA : modelling organisational change using agents.</title>
<year>2006</year>
<school>University of Aberdeen, UK</school>
<ee>http://ethos.bl.uk/OrderDetails.do?uin=uk.bl.ethos.430394</ee>
<note type="source">British Library, EThOS</note>
</phdthesis>
<phdthesis mdate="2016-09-28" key="phd/ethos/Ranno98">
<author>Fr&eacute;d&eacute;ric Ranno</author>
<title>A language and toolkit for the specification, execution and monitoring of dependable distributed applications.</title>
<year>1998</year>
<school>Newcastle University, Newcastle upon Tyne, UK</school>
<ee>http://hdl.handle.net/10443/1998</ee>
<ee>http://ethos.bl.uk/OrderDetails.do?uin=uk.bl.ethos.285736</ee>
<note type="source">British Library, EThOS</note>
</phdthesis>
<phdthesis mdate="2016-09-07" key="phd/ethos/Prabowo05">
<author>Rudy Prabowo</author>
<title>Ontology-based automatic text classification.</title>
<year>2005</year>
<school>University of Wolverhampton, UK</school>
<ee>http://ethos.bl.uk/OrderDetails.do?uin=uk.bl.ethos.418665</ee>
<note type="source">British Library, EThOS</note>
</phdthesis>
<phdthesis mdate="2016-09-20" key="phd/ethos/Page02">
<author>Thomas Page</author>
<title>Development of a methodology for decision-support in printed circuit board design for assembly.</title>
<year>2002</year>
<school>University of Hertfordshire, UK</school>
<ee>http://ethos.bl.uk/OrderDetails.do?uin=uk.bl.ethos.394147</ee>
<note type="source">British Library, EThOS</note>
</phdthesis>
<phdthesis mdate="2016-09-07" key="phd/ethos/Mitchell05a">
<author>Timothy John Frederick Mitchell</author>
<title>Investigating field dependence in the design of adaptive hypermedia systems.</title>
<year>2005</year>
<school>Brunel University London, UK</school>
<ee>http://ethos.bl.uk/OrderDetails.do?uin=uk.bl.ethos.412825</ee>
<note type="source">British Library, EThOS</note>
</phdthesis>
<phdthesis mdate="2016-08-23" key="phd/ethos/Khan11b">
<author>Najeed Ahmed Khan</author>
<title>Unsupervised learning of object detectors for everyday scenes.</title>
<year>2011</year>
<school>University of Leeds, UK</school>
<ee>http://ethos.bl.uk/OrderDetails.do?uin=uk.bl.ethos.540773</ee>
<note type="source">British Library, EThOS</note>
</phdthesis>
<phdthesis mdate="2016-10-10" key="phd/ethos/Jones79">
<author>P. E. R. Jones</author>
<title>A guidance control strategy for an unmanned submersible.</title>
<year>1979</year>
<school>Heriot-Watt University, Edinburgh, UK</school>
<ee>http://hdl.handle.net/10399/1837</ee>
<ee>http://ethos.bl.uk/OrderDetails.do?uin=uk.bl.ethos.461184</ee>
<note type="source">British Library, EThOS</note>
</phdthesis>
<phdthesis mdate="2016-09-15" key="phd/ethos/Nguyen04">
<author>Duc-Cuong Nguyen</author>
<title>Flexible information management strategies in machine learning and data mining.</title>
<year>2004</year>
<school>Cardiff University, UK</school>
<ee>http://orca.cf.ac.uk/55917/</ee>
<ee>http://ethos.bl.uk/OrderDetails.do?uin=uk.bl.ethos.583455</ee>
<note type="source">British Library, EThOS</note>
</phdthesis>
<phdthesis mdate="2016-08-15" key="phd/ethos/Kettleborough14">
<author>George Kettleborough</author>
<title>New algorithms and methodology for analysing distances.</title>
<year>2014</year>
<school>University of East Anglia, Norwich, UK</school>
<ee>https://ueaeprints.uea.ac.uk/53463/</ee>
<ee>http://ethos.bl.uk/OrderDetails.do?uin=uk.bl.ethos.656112</ee>
<note type="source">British Library, EThOS</note>
</phdthesis>
<phdthesis mdate="2016-09-01" key="phd/ethos/Hanna08">
<author>Samer Hanna</author>
<title>Web services robustness testing.</title>
<year>2008</year>
<school>Durham University, UK</school>
<ee>http://etheses.dur.ac.uk/2378/</ee>
<ee>http://ethos.bl.uk/OrderDetails.do?uin=uk.bl.ethos.444414</ee>
<note type="source">British Library, EThOS</note>
</phdthesis>
<phdthesis mdate="2016-08-26" key="phd/ethos/AlAjlan09">
<author>Ajlan Suliman Al-Ajlan</author>
<title>Service oriented computing for dynamic virtual learning environments.</title>
<year>2009</year>
<school>De Montfort University, Leicester, UK</school>
<ee>http://hdl.handle.net/2086/2416</ee>
<ee>http://ethos.bl.uk/OrderDetails.do?uin=uk.bl.ethos.516010</ee>
<note type="source">British Library, EThOS</note>
</phdthesis>
<phdthesis mdate="2016-10-06" key="phd/ethos/Halewood91">
<author>Keith Halewood</author>
<title>Towards a uniform graphical representation of program construction, debugging and testing process.</title>
<year>1991</year>
<school>University of Liverpool, UK</school>
<ee>http://ethos.bl.uk/OrderDetails.do?uin=uk.bl.ethos.316544</ee>
<note type="source">British Library, EThOS</note>
</phdthesis>
<phdthesis mdate="2016-09-26" key="phd/ethos/Pradhan00">
<author>Anup Pradhan</author>
<title>The geospatial metadata server : on-line metadata database, data conversion and GIS processing.</title>
<year>2000</year>
<school>University of Edinburgh, UK</school>
<ee>http://ethos.bl.uk/OrderDetails.do?uin=uk.bl.ethos.660731</ee>
<note type="source">British Library, EThOS</note>
</phdthesis>
<phdthesis mdate="2016-09-20" key="phd/ethos/Knight02a">
<author>Annette Knight</author>
<title>The construction of valued skills and expertise within the I.T. profession : continuing tensions between techies and managers.</title>
<year>2002</year>
<school>Loughborough University, UK</school>
<ee>http://ethos.bl.uk/OrderDetails.do?uin=uk.bl.ethos.398189</ee>
<note type="source">British Library, EThOS</note>
</phdthesis>
<phdthesis mdate="2016-10-07" key="phd/ethos/Dayantis88">
<author>George Dayantis</author>
<title>Types, modularisation and abstraction in logic programming.</title>
<year>1988</year>
<school>University of Sussex, UK</school>
<ee>http://ethos.bl.uk/OrderDetails.do?uin=uk.bl.ethos.255977</ee>
<note type="source">British Library, EThOS</note>
</phdthesis>
<phdthesis mdate="2016-10-05" key="phd/ethos/Hopkins93">
<author>T. M. Hopkins</author>
<title>The design of a sparse vector processor.</title>
<year>1993</year>
<school>University of Edinburgh, UK</school>
<ee>http://hdl.handle.net/1842/14094</ee>
<ee>http://ethos.bl.uk/OrderDetails.do?uin=uk.bl.ethos.652570</ee>
<note type="source">British Library, EThOS</note>
</phdthesis>
<phdthesis mdate="2016-09-29" key="phd/ethos/Tipping96">
<author>Michael E. Tipping</author>
<title>Topographic mappings and feed-forward neural networks.</title>
<year>1996</year>
<school>Aston University, Birmingham, UK</school>
<ee>http://eprints.aston.ac.uk/672/</ee>
<ee>http://ethos.bl.uk/OrderDetails.do?uin=uk.bl.ethos.307529</ee>
<note type="source">British Library, EThOS</note>
</phdthesis>
<phdthesis mdate="2016-09-20" key="phd/ethos/Kamal02">
<author>H. Kamal</author>
<title>An ATMS-based architecture for stylistics-aware text generation.</title>
<year>2002</year>
<school>University of Edinburgh, UK</school>
<ee>http://ethos.bl.uk/OrderDetails.do?uin=uk.bl.ethos.653185</ee>
<note type="source">British Library, EThOS</note>
</phdthesis>
<phdthesis mdate="2016-09-27" key="phd/ethos/Morgan99">
<author>Graham Morgan</author>
<title>A middleware service for fault-tolerant group communications.</title>
<year>1999</year>
<school>Newcastle University, Newcastle upon Tyne, UK</school>
<ee>http://hdl.handle.net/10443/1994</ee>
<ee>http://ethos.bl.uk/OrderDetails.do?uin=uk.bl.ethos.300213</ee>
<note type="source">British Library, EThOS</note>
</phdthesis>
<phdthesis mdate="2016-08-19" key="phd/ethos/Wedekind12">
<author>Jan Wedekind</author>
<title>Efficient implementations of machine vision algorithms using a dynamically typed programming language.</title>
<year>2012</year>
<school>Sheffield Hallam University, UK</school>
<ee>http://shura.shu.ac.uk/6633/</ee>
<ee>http://ethos.bl.uk/OrderDetails.do?uin=uk.bl.ethos.561598</ee>
<note type="source">British Library, EThOS</note>
</phdthesis>
<phdthesis mdate="2016-09-21" key="phd/ethos/Kolb01">
<author>Arthur Kolb</author>
<title>Methodology to support system builders in the optimisation of a competence network.</title>
<year>2001</year>
<school>Coventry University, UK</school>
<ee>http://ethos.bl.uk/OrderDetails.do?uin=uk.bl.ethos.342844</ee>
<note type="source">British Library, EThOS</note>
</phdthesis>
<phdthesis mdate="2016-10-05" key="phd/ethos/Sampaio93">
<author>Augusto Sampaio</author>
<title>An algebraic approach to compiler design.</title>
<year>1993</year>
<school>University of Oxford, UK</school>
<ee>http://ethos.bl.uk/OrderDetails.do?uin=uk.bl.ethos.334903</ee>
<note type="source">British Library, EThOS</note>
</phdthesis>
<phdthesis mdate="2016-10-28" key="phd/ethos/Yeh15">
<author>Chun-Wei Yeh</author>
<title>Colour morphology and its approaches.</title>
<year>2015</year>
<school>University of Birmingham, UK</school>
<ee>http://etheses.bham.ac.uk/5430/</ee>
<ee>http://ethos.bl.uk/OrderDetails.do?uin=uk.bl.ethos.629743</ee>
<note type="source">British Library, EThOS</note>
</phdthesis>
<phdthesis mdate="2016-08-16" key="phd/ethos/Fetais13">
<author>Noora Fetais</author>
<title>Evaluation of the usability of constraint diagrams as a visual modelling language : theoretical and empirical investigations.</title>
<year>2013</year>
<school>University of Sussex, UK</school>
<ee>http://sro.sussex.ac.uk/46922/</ee>
<ee>http://ethos.bl.uk/OrderDetails.do?uin=uk.bl.ethos.582057</ee>
<note type="source">British Library, EThOS</note>
</phdthesis>
<phdthesis mdate="2017-11-21" key="phd/ethos/Ghoroghi15">
<author>Ali Ghoroghi</author>
<title>Multi-games and Bayesian Nash equilibriums.</title>
<year>2015</year>
<school>Imperial College London, UK</school>
<ee>http://ethos.bl.uk/OrderDetails.do?uin=uk.bl.ethos.689089</ee>
<ee>http://hdl.handle.net/10044/1/34509</ee>
<note type="source">British Library, EThOS</note>
</phdthesis>
<phdthesis mdate="2016-09-08" key="phd/ethos/Brown04">
<author>S. S. Brown</author>
<title>Conversion of notations.</title>
<year>2004</year>
<school>University of Cambridge, UK</school>
<ee>http://ethos.bl.uk/OrderDetails.do?uin=uk.bl.ethos.596970</ee>
<note type="source">British Library, EThOS</note>
</phdthesis>
<phdthesis mdate="2016-10-28" key="phd/ethos/McBride15">
<author>Iain McBride</author>
<title>Complexity results and integer programming models for hospitals/residents problem variants.</title>
<year>2015</year>
<school>University of Glasgow, UK</school>
<ee>http://theses.gla.ac.uk/7027/</ee>
<ee>http://ethos.bl.uk/OrderDetails.do?uin=uk.bl.ethos.679557</ee>
<note type="source">British Library, EThOS</note>
</phdthesis>
<phdthesis mdate="2016-10-10" key="phd/ethos/Sylva84">
<author>K. L. J. Sylva</author>
<title>A theoretical and practical study of low-level program verification.</title>
<year>1984</year>
<school>University of Kent, UK</school>
<ee>http://ethos.bl.uk/OrderDetails.do?uin=uk.bl.ethos.351681</ee>
<note type="source">British Library, EThOS</note>
</phdthesis>
<phdthesis mdate="2016-11-03" key="phd/ethos/Hampson16">
<author>Christopher Hampson</author>
<title>Two-dimensional modal logics with difference relations.</title>
<year>2016</year>
<school>King's College London, UK</school>
<ee>http://kclpure.kcl.ac.uk/portal/en/theses/twodimensional-modal-logics-with-difference-relations(b8d6aa68-eb69-4130-9fa9-5acb7145d446).html</ee>
<ee>http://ethos.bl.uk/OrderDetails.do?uin=uk.bl.ethos.682201</ee>
<note type="source">British Library, EThOS</note>
</phdthesis>
<phdthesis mdate="2016-10-06" key="phd/ethos/Sanossian92">
<author>Hermineh Yusuf Yacoub Sanossian</author>
<title>A study of artificial neural networks and their learning algorithms.</title>
<year>1992</year>
<school>Loughborough University, UK</school>
<ee>https://dspace.lboro.ac.uk/2134/11194</ee>
<ee>http://ethos.bl.uk/OrderDetails.do?uin=uk.bl.ethos.561157</ee>
<ee>http://ethos.bl.uk/OrderDetails.do?uin=uk.bl.ethos.284717</ee>
<note type="source">British Library, EThOS</note>
</phdthesis>
<phdthesis mdate="2016-10-28" key="phd/ethos/Jamil15">
<author>Md Golam Jamil</author>
<title>Technology enhanced teacher-learning in rural Bangladesh : a critical realist inquiry with secondary teachers of English.</title>
<year>2015</year>
<school>University of Southampton, UK</school>
<ee>http://eprints.soton.ac.uk/383975/</ee>
<ee>http://ethos.bl.uk/OrderDetails.do?uin=uk.bl.ethos.675171</ee>
<note type="source">British Library, EThOS</note>
</phdthesis>
<phdthesis mdate="2016-09-16" key="phd/ethos/Trimintzios04">
<author>Panagiotis Trimintzios</author>
<title>Traffic engineering for quality of service provisioning in IP networks.</title>
<year>2004</year>
<school>University of Surrey, Guildford, UK</school>
<ee>http://epubs.surrey.ac.uk/804945/</ee>
<ee>http://ethos.bl.uk/OrderDetails.do?uin=uk.bl.ethos.403132</ee>
<note type="source">British Library, EThOS</note>
</phdthesis>
<phdthesis mdate="2016-08-19" key="phd/ethos/Lowe12">
<author>Daniel M. Lowe</author>
<title>Extraction of chemical structures and reactions from the literature.</title>
<year>2012</year>
<school>University of Cambridge, UK</school>
<ee>http://www.dspace.cam.ac.uk/handle/1810/244727</ee>
<ee>http://ethos.bl.uk/OrderDetails.do?uin=uk.bl.ethos.590199</ee>
<note type="source">British Library, EThOS</note>
</phdthesis>
<phdthesis mdate="2019-02-09" key="phd/ethos/Bennett17a">
<author>Steve Bennett</author>
<title>Evaluating the effectiveness of live peer assessment as a vehicle for the development of higher order practice in computer science education.</title>
<year>2017</year>
<school>University of Hertfordshire, Hatfield, UK</school>
<ee>http://ethos.bl.uk/OrderDetails.do?uin=uk.bl.ethos.721477</ee>
<ee>http://hdl.handle.net/2299/19014</ee>
<note type="source">British Library, EThOS</note>
</phdthesis>
<phdthesis mdate="2016-08-15" key="phd/ethos/Elfituri14">
<author>Ahmed A. Elfituri</author>
<title>Optimisation of resources deployment in a call centre by using stochastic data in simulation models.</title>
<year>2014</year>
<school>Kingston University, Kingston upon Thames, London, UK</school>
<ee>http://eprints.kingston.ac.uk/30600/</ee>
<ee>http://ethos.bl.uk/OrderDetails.do?uin=uk.bl.ethos.638843</ee>
<note type="source">British Library, EThOS</note>
</phdthesis>
<phdthesis mdate="2016-10-28" key="phd/ethos/Wong15">
<author>Charence Cheuk Lun Wong</author>
<title>Fusion of wearable and visual sensors for human motion analysis.</title>
<year>2015</year>
<school>Imperial College London, UK</school>
<ee>http://hdl.handle.net/10044/1/28630</ee>
<ee>http://ethos.bl.uk/OrderDetails.do?uin=uk.bl.ethos.676831</ee>
<note type="source">British Library, EThOS</note>
</phdthesis>
<phdthesis mdate="2017-10-17" key="phd/ethos/Zakhary16">
<author>Sameh Zakhary</author>
<title>Collaborative location privacy-aware forwarding for opportunistic mobile networks.</title>
<year>2016</year>
<school>University of Nottingham, UK</school>
<ee>http://ethos.bl.uk/OrderDetails.do?uin=uk.bl.ethos.718849</ee>
<note type="source">British Library, EThOS</note>
</phdthesis>
<phdthesis mdate="2016-08-15" key="phd/ethos/Alazemi14">
<author>Fayez Alazemi</author>
<title>Feature-based approach to bridge the information technology and business gap.</title>
<year>2014</year>
<school>De Montfort University, Leicester, UK</school>
<ee>http://hdl.handle.net/2086/9733</ee>
<ee>http://ethos.bl.uk/OrderDetails.do?uin=uk.bl.ethos.600708</ee>
<note type="source">British Library, EThOS</note>
</phdthesis>
<phdthesis mdate="2016-08-24" key="phd/ethos/Bista10">
<author>Sanat Kumar Bista</author>
<title>Computational models of trust for cooperative evolution : reputation based game theoretic models of trust for cooperative evolution in online business games.</title>
<year>2010</year>
<school>University of Bradford, UK</school>
<ee>http://hdl.handle.net/10454/4424</ee>
<ee>http://ethos.bl.uk/OrderDetails.do?uin=uk.bl.ethos.533399</ee>
<note type="source">British Library, EThOS</note>
</phdthesis>
<phdthesis mdate="2016-09-29" key="phd/ethos/King96">
<author>David J. King</author>
<title>Functional programming and graph algorithms.</title>
<year>1996</year>
<school>University of Glasgow, UK</school>
<ee>http://theses.gla.ac.uk/1629/</ee>
<ee>http://ethos.bl.uk/OrderDetails.do?uin=uk.bl.ethos.295336</ee>
<note type="source">British Library, EThOS</note>
</phdthesis>
<phdthesis mdate="2017-07-20" key="phd/ethos/Zhou07b">
<author>Bo Zhou 0001</author>
<title>SUIDS : a resource-efficient intrusion detection system for ubiquitous computing environments.</title>
<year>2007</year>
<school>Liverpool John Moores University, UK</school>
<ee>http://ethos.bl.uk/OrderDetails.do?uin=uk.bl.ethos.436574</ee>
<note type="source">British Library, EThOS</note>
</phdthesis>
<phdthesis mdate="2017-10-17" key="phd/ethos/Wang15c">
<author>Wenlong Wang</author>
<title>An accurate 3D human face model reconstruction scheme.</title>
<year>2015</year>
<school>Imperial College London, UK</school>
<ee>http://ethos.bl.uk/OrderDetails.do?uin=uk.bl.ethos.686324</ee>
<ee>http://hdl.handle.net/10044/1/32518</ee>
<note type="source">British Library, EThOS</note>
</phdthesis>
<phdthesis mdate="2016-08-24" key="phd/ethos/Beach10">
<author>Thomas Henry Outram Beach</author>
<title>Application acceleration : an investigation of automatic porting methods for application accelerators.</title>
<year>2010</year>
<school>Cardiff University, UK</school>
<ee>http://orca.cf.ac.uk/55069/</ee>
<ee>http://ethos.bl.uk/OrderDetails.do?uin=uk.bl.ethos.585009</ee>
<note type="source">British Library, EThOS</note>
</phdthesis>
<phdthesis mdate="2016-10-07" key="phd/ethos/Chan88">
<author>C. Y. Chan</author>
<title>The design and implementation of a concurrent programming language for large grain MIMD computers.</title>
<year>1988</year>
<school>University of Leeds, UK</school>
<ee>http://ethos.bl.uk/OrderDetails.do?uin=uk.bl.ethos.233172</ee>
<note type="source">British Library, EThOS</note>
</phdthesis>
<phdthesis mdate="2016-08-18" key="phd/ethos/Alseddiqi12">
<author>Mohamed Alseddiqi</author>
<title>Performance improvement of technical and vocational education in the Kingdom of Bahrain.</title>
<year>2012</year>
<school>University of Huddersfield, UK</school>
<ee>http://eprints.hud.ac.uk/17802/</ee>
<ee>http://ethos.bl.uk/OrderDetails.do?uin=uk.bl.ethos.573878</ee>
<note type="source">British Library, EThOS</note>
</phdthesis>
<phdthesis mdate="2016-09-29" key="phd/ethos/Sujithan97">
<author>Kanagaratnam Ronald Sujithan</author>
<title>Bulk Synchronous Parallelism in object-relational database systems.</title>
<year>1997</year>
<school>University of Oxford, UK</school>
<ee>http://ethos.bl.uk/OrderDetails.do?uin=uk.bl.ethos.389046</ee>
<note type="source">British Library, EThOS</note>
</phdthesis>
<phdthesis mdate="2016-08-15" key="phd/ethos/Gilbertson14">
<author>Terri Gilbertson</author>
<title>Industry attitudes and behaviour towards web accessibility in general and age-related change in particular and the validation of a virtual third-age simulator for web accessibility training for students and professionals.</title>
<year>2014</year>
<school>Loughborough University, UK</school>
<ee>https://dspace.lboro.ac.uk/2134/16597</ee>
<ee>http://ethos.bl.uk/OrderDetails.do?uin=uk.bl.ethos.634776</ee>
<note type="source">British Library, EThOS</note>
</phdthesis>
<phdthesis mdate="2016-09-05" key="phd/ethos/Bull06">
<author>Lee Bull</author>
<title>Point based graphics rendering with unified scalability solutions.</title>
<year>2006</year>
<school>University College London, UK</school>
<ee>http://discovery.ucl.ac.uk/1444359/</ee>
<ee>http://ethos.bl.uk/OrderDetails.do?uin=uk.bl.ethos.432876</ee>
<note type="source">British Library, EThOS</note>
</phdthesis>
<phdthesis mdate="2016-11-03" key="phd/ethos/Chykeyuk14">
<author>Kiryl Chykeyuk</author>
<title>Analysis of 3D echocardiography.</title>
<year>2014</year>
<school>University of Oxford, UK</school>
<ee>http://ora.ox.ac.uk/objects/uuid:823cd243-5d48-4ecc-90e7-f56d49145be8</ee>
<ee>http://ethos.bl.uk/OrderDetails.do?uin=uk.bl.ethos.692859</ee>
<note type="source">British Library, EThOS</note>
</phdthesis>
<phdthesis mdate="2016-08-15" key="phd/ethos/Alhawiti14">
<author>Khaled M. Alhawiti</author>
<title>Adaptive models of Arabic text.</title>
<year>2014</year>
<school>Bangor University, Wales, UK</school>
<ee>http://e.bangor.ac.uk/5062/</ee>
<ee>http://ethos.bl.uk/OrderDetails.do?uin=uk.bl.ethos.665622</ee>
<note type="source">British Library, EThOS</note>
</phdthesis>
<phdthesis mdate="2016-08-17" key="phd/ethos/Nickerson13">
<author>Louise Valger&eth;ur Nickerson</author>
<title>Overviews and their effect on interaction in the auditory interface.</title>
<year>2013</year>
<school>Queen Mary University of London, UK</school>
<ee>http://qmro.qmul.ac.uk/jspui/handle/123456789/8687</ee>
<ee>http://ethos.bl.uk/OrderDetails.do?uin=uk.bl.ethos.667155</ee>
<note type="source">British Library, EThOS</note>
</phdthesis>
<phdthesis mdate="2016-09-02" key="phd/ethos/Costa07">
<author>M. Costa</author>
<title>End-to-end containment of internet worm epidemics.</title>
<year>2007</year>
<school>University of Cambridge, UK</school>
<ee>http://ethos.bl.uk/OrderDetails.do?uin=uk.bl.ethos.598013</ee>
<note type="source">British Library, EThOS</note>
</phdthesis>
<phdthesis mdate="2017-12-07" key="phd/ethos/Schneider14">
<author>Oliver Schneider 0001</author>
<title>Simplifying authoring of adaptive hypermedia structures in an eLearning context.</title>
<year>2014</year>
<school>University of Plymouth, UK</school>
<ee>http://hdl.handle.net/10026.1/3097</ee>
<ee>http://ethos.bl.uk/OrderDetails.do?uin=uk.bl.ethos.618588</ee>
<note type="source">British Library, EThOS</note>
</phdthesis>
<phdthesis mdate="2016-08-16" key="phd/ethos/Ramezani14">
<author>Ramin Ramezani</author>
<title>An artificial intelligence framework for investigative reasoning.</title>
<year>2014</year>
<school>Imperial College London, UK</school>
<ee>http://hdl.handle.net/10044/1/24586</ee>
<ee>http://ethos.bl.uk/OrderDetails.do?uin=uk.bl.ethos.656705</ee>
<note type="source">British Library, EThOS</note>
</phdthesis>
<phdthesis mdate="2016-09-27" key="phd/ethos/Poon99">
<author>W. L. Poon</author>
<title>Concurrency control in multiple perspective software development.</title>
<year>1999</year>
<school>Imperial College London, UK</school>
<ee>http://ethos.bl.uk/OrderDetails.do?uin=uk.bl.ethos.341030</ee>
<note type="source">British Library, EThOS</note>
</phdthesis>
<phdthesis mdate="2016-08-22" key="phd/ethos/Beck11">
<author>Ariel Beck</author>
<title>Perception of emotional body language displayed by animated characters.</title>
<year>2011</year>
<school>University of Portsmouth, UK</school>
<ee>http://eprints.port.ac.uk/8485/</ee>
<ee>http://ethos.bl.uk/OrderDetails.do?uin=uk.bl.ethos.556699</ee>
<note type="source">British Library, EThOS</note>
</phdthesis>
<phdthesis mdate="2016-09-28" key="phd/ethos/Bale98a">
<author>Tracey Ann Bale</author>
<title>Modular connectionist architectures and the learning of quantification skills.</title>
<year>1998</year>
<school>University of Surrey, Guildford, UK</school>
<ee>http://ethos.bl.uk/OrderDetails.do?uin=uk.bl.ethos.264249</ee>
<note type="source">British Library, EThOS</note>
</phdthesis>
<phdthesis mdate="2016-08-19" key="phd/ethos/Stapenhurst12">
<author>Richard John Stapenhurst</author>
<title>Diversity, margins and non-stationary learning.</title>
<year>2012</year>
<school>University of Manchester, UK</school>
<ee>http://www.manchester.ac.uk/escholar/uk-ac-man-scw:183554</ee>
<ee>http://ethos.bl.uk/OrderDetails.do?uin=uk.bl.ethos.568569</ee>
<note type="source">British Library, EThOS</note>
</phdthesis>
<phdthesis mdate="2016-08-23" key="phd/ethos/Flory11">
<author>Peter Flory</author>
<title>Towards a taxonomy of reusable CRM requirements for the Not for Profit sector.</title>
<year>2011</year>
<school>Brunel University London, UK</school>
<ee>http://bura.brunel.ac.uk/handle/2438/5809</ee>
<ee>http://ethos.bl.uk/OrderDetails.do?uin=uk.bl.ethos.539927</ee>
<note type="source">British Library, EThOS</note>
</phdthesis>
<phdthesis mdate="2016-08-11" key="phd/ethos/Jones61">
<author>A. L. Jones</author>
<title>The response of non-linear control systems to various input signals.</title>
<year>1961</year>
<school>Swansea University, UK</school>
<ee>http://ethos.bl.uk/OrderDetails.do?uin=uk.bl.ethos.637711</ee>
<note type="source">British Library, EThOS</note>
</phdthesis><phdthesis mdate="2016-10-28" key="phd/ethos/Grewal15">
<author>Gurchetan S. Grewal</author>
<title>Voting on the internet.</title>
<year>2015</year>
<school>University of Birmingham, UK</school>
<ee>http://etheses.bham.ac.uk/6414/</ee>
<ee>http://ethos.bl.uk/OrderDetails.do?uin=uk.bl.ethos.675829</ee>
<note type="source">British Library, EThOS</note>
</phdthesis>
<phdthesis mdate="2016-09-16" key="phd/ethos/Sudirman03">
<author>S. Sudirman</author>
<title>Colour image coding indexing and retrieval using binary space partition tree.</title>
<year>2003</year>
<school>University of Nottingham, UK</school>
<ee>http://ethos.bl.uk/OrderDetails.do?uin=uk.bl.ethos.275171</ee>
<note type="source">British Library, EThOS</note>
</phdthesis>
<phdthesis mdate="2016-09-29" key="phd/ethos/Papay97">
<author>Juraj Papay</author>
<title>Performance characterisation of distributed memory MIMD computations.</title>
<year>1997</year>
<school>University of Warwick, Coventry, UK</school>
<ee>http://ethos.bl.uk/OrderDetails.do?uin=uk.bl.ethos.310021</ee>
<note type="source">British Library, EThOS</note>
</phdthesis>
<phdthesis mdate="2016-08-19" key="phd/ethos/Stanier12">
<author>James Stanier</author>
<title>Removing and restoring control flow with the Value State Dependence Graph.</title>
<year>2012</year>
<school>University of Sussex, UK</school>
<ee>http://sro.sussex.ac.uk/7576/</ee>
<ee>http://ethos.bl.uk/OrderDetails.do?uin=uk.bl.ethos.554796</ee>
<note type="source">British Library, EThOS</note>
</phdthesis>
<phdthesis mdate="2016-09-21" key="phd/ethos/Russell01">
<author>Daniel J. Russell</author>
<title>FAD : a functional analysis and design methodology.</title>
<year>2001</year>
<school>University of Kent, UK</school>
<ee>http://eprints.kingston.ac.uk/3818/</ee>
<ee>http://ethos.bl.uk/OrderDetails.do?uin=uk.bl.ethos.555009</ee>
<note type="source">British Library, EThOS</note>
</phdthesis>
<phdthesis mdate="2016-08-26" key="phd/ethos/Heneveld09">
<author>A. Heneveld</author>
<title>Using features for automated problem solving.</title>
<year>2009</year>
<school>University of Edinburgh, UK</school>
<ee>http://ethos.bl.uk/OrderDetails.do?uin=uk.bl.ethos.652354</ee>
<note type="source">British Library, EThOS</note>
</phdthesis>
<phdthesis mdate="2016-08-19" key="phd/ethos/Giorgidze12">
<author>George Giorgidze</author>
<title>First-class models : on a noncausal language for higher-order and structurally dynamic modelling and simulation.</title>
<year>2012</year>
<school>University of Nottingham, UK</school>
<ee>http://eprints.nottingham.ac.uk/12554/</ee>
<ee>http://ethos.bl.uk/OrderDetails.do?uin=uk.bl.ethos.559618</ee>
<note type="source">British Library, EThOS</note>
</phdthesis>
<phdthesis mdate="2016-08-16" key="phd/ethos/Awan13">
<author>Malik Shahzad Kaleem Awan</author>
<title>Performance characterization of computational resources for time-constrained job execution in P2P environments.</title>
<year>2013</year>
<school>University of Warwick, Coventry, UK</school>
<ee>http://wrap.warwick.ac.uk/57452/</ee>
<ee>http://ethos.bl.uk/OrderDetails.do?uin=uk.bl.ethos.582388</ee>
<note type="source">British Library, EThOS</note>
</phdthesis>
<phdthesis mdate="2019-02-09" key="phd/ethos/Rhuma14">
<author>Adel Rhuma</author>
<title>Intelligent computer vision processing techniques for fall detection in enclosed environments.</title>
<year>2014</year>
<school>Loughborough University, UK</school>
<ee>http://ethos.bl.uk/OrderDetails.do?uin=uk.bl.ethos.722262</ee>
<ee>https://dspace.lboro.ac.uk/2134/15108</ee>
<note type="source">British Library, EThOS</note>
</phdthesis>
<phdthesis mdate="2017-07-05" key="phd/ethos/Benson91">
<author>Ian Benson</author>
<title>Reasoning about contingent events in distributed systems.</title>
<year>1991</year>
<school>University of Cambridge, UK</school>
<ee>http://ethos.bl.uk/OrderDetails.do?uin=uk.bl.ethos.239794</ee>
<note type="source">British Library, EThOS</note>
</phdthesis>
<phdthesis mdate="2016-09-07" key="phd/ethos/Zhang05a">
<author>Nan Zhang 0003</author>
<title>Generating verified access control policies through model-checking.</title>
<year>2005</year>
<school>University of Birmingham, UK</school>
<ee>http://ethos.bl.uk/OrderDetails.do?uin=uk.bl.ethos.433707</ee>
<note type="source">British Library, EThOS</note>
</phdthesis>
<phdthesis mdate="2016-10-28" key="phd/ethos/Smith15b">
<author>Jeremiah Smith</author>
<title>Learning in mobile context-aware applications.</title>
<year>2015</year>
<school>Imperial College London, UK</school>
<ee>http://hdl.handle.net/10044/1/30633</ee>
<ee>http://ethos.bl.uk/OrderDetails.do?uin=uk.bl.ethos.682090</ee>
<note type="source">British Library, EThOS</note>
</phdthesis>
<phdthesis mdate="2018-02-15" key="phd/ethos/Eaton16">
<author>Joel Eaton</author>
<title>Brain-computer music interfacing: designing practical systems for creative applications.</title>
<year>2016</year>
<school>University of Plymouth, UK</school>
<ee>http://ethos.bl.uk/OrderDetails.do?uin=uk.bl.ethos.692908</ee>
<ee>http://hdl.handle.net/10026.1/5221</ee>
<note type="source">British Library, EThOS</note>
</phdthesis>
<phdthesis mdate="2016-08-19" key="phd/ethos/Skarlatidou12">
<author>Artemis Skarlatidou</author>
<title>Trust in web geographical information systems for public participation.</title>
<year>2012</year>
<school>University College London, UK</school>
<ee>http://discovery.ucl.ac.uk/1348205/</ee>
<ee>http://ethos.bl.uk/OrderDetails.do?uin=uk.bl.ethos.625820</ee>
<note type="source">British Library, EThOS</note>
</phdthesis>
<phdthesis mdate="2016-08-24" key="phd/ethos/Watson11">
<author>Robert Nicholas Maxwell Watson</author>
<title>New approaches to operating system security extensibility.</title>
<year>2011</year>
<school>University of Cambridge, UK</school>
<ee>http://ethos.bl.uk/OrderDetails.do?uin=uk.bl.ethos.609485</ee>
<note type="source">British Library, EThOS</note>
</phdthesis>
<phdthesis mdate="2016-08-19" key="phd/ethos/Freebody12">
<author>Nicola Freebody</author>
<title>The use of Raman microprobe spectroscopy in the analysis of electrically aged polymeric insulators.</title>
<year>2012</year>
<school>University of Southampton, UK</school>
<ee>http://eprints.soton.ac.uk/346963/</ee>
<ee>http://ethos.bl.uk/OrderDetails.do?uin=uk.bl.ethos.568869</ee>
<note type="source">British Library, EThOS</note>
</phdthesis>
<phdthesis mdate="2017-01-04" key="phd/ethos/Rajan09">
<author>Amala Vijaya Selvi Rajan</author>
<title>Formal semantics for LIPS (Language for Implementing Parallel/distributed Systems).</title>
<year>2009</year>
<school>Middlesex University, London, UK</school>
<ee>http://eprints.mdx.ac.uk/10755/</ee>
<ee>http://ethos.bl.uk/OrderDetails.do?uin=uk.bl.ethos.568405</ee>
<note type="source">British Library, EThOS</note>
</phdthesis>
<phdthesis mdate="2016-10-07" key="phd/ethos/Jackson88">
<author>A. R. Jackson</author>
<title>Abstract data types and the integrated project support environment database.</title>
<year>1988</year>
<school>University of York, UK</school>
<ee>http://ethos.bl.uk/OrderDetails.do?uin=uk.bl.ethos.382958</ee>
<note type="source">British Library, EThOS</note>
</phdthesis>
<phdthesis mdate="2016-08-30" key="phd/ethos/Read09">
<author>Jonathon Read</author>
<title>Weakly-Supervised Techniques for the Analysis of Evaluation in Text.</title>
<year>2009</year>
<school>University of Sussex, UK</school>
<ee>http://ethos.bl.uk/OrderDetails.do?uin=uk.bl.ethos.506999</ee>
<note type="source">British Library, EThOS</note>
</phdthesis>
<phdthesis mdate="2018-02-15" key="phd/ethos/LewisBowen07">
<author>Joe Lewis-Bowen</author>
<title>Modelling grid architecture.</title>
<year>2007</year>
<school>University College London, UK</school>
<ee>http://ethos.bl.uk/OrderDetails.do?uin=uk.bl.ethos.692579</ee>
<ee>http://discovery.ucl.ac.uk/1445669/</ee>
<note type="source">British Library, EThOS</note>
</phdthesis>
<phdthesis mdate="2016-09-07" key="phd/ethos/Green05">
<author>Martin James Green</author>
<title>New methods for the tractability of constraint satisfaction problems.</title>
<year>2005</year>
<school>Royal Holloway, University of London, UK</school>
<ee>http://ethos.bl.uk/OrderDetails.do?uin=uk.bl.ethos.417366</ee>
<note type="source">British Library, EThOS</note>
</phdthesis>
<phdthesis mdate="2016-09-30" key="phd/ethos/Xu95">
<author>Yifan Xu</author>
<title>New data synchronization &amp; mapping strategies for PACE - VLSI processor architecture.</title>
<year>1995</year>
<school>University of Nottingham, UK</school>
<ee>http://ethos.bl.uk/OrderDetails.do?uin=uk.bl.ethos.283229</ee>
<note type="source">British Library, EThOS</note>
</phdthesis>
<phdthesis mdate="2016-10-28" key="phd/ethos/Maleshkova15">
<author>Maria Maleshkova</author>
<title>Towards open services on the Web : a semantic approach.</title>
<year>2015</year>
<school>Open University, Milton Keynes, UK</school>
<ee>http://oro.open.ac.uk/42101/</ee>
<ee>http://ethos.bl.uk/OrderDetails.do?uin=uk.bl.ethos.639934</ee>
<note type="source">British Library, EThOS</note>
</phdthesis>
<phdthesis mdate="2016-09-16" key="phd/ethos/Smart03">
<author>Robert John Smart</author>
<title>Resource contention in real-time systems.</title>
<year>2003</year>
<school>Open University, Milton Keynes, UK</school>
<ee>http://ethos.bl.uk/OrderDetails.do?uin=uk.bl.ethos.288571</ee>
<note type="source">British Library, EThOS</note>
</phdthesis>
<phdthesis mdate="2018-07-31" key="phd/ethos/Forsyth88">
<author>David A. Forsyth</author>
<title>Colour constancy and its applications in machine vision.</title>
<year>1988</year>
<school>University of Oxford, UK</school>
<ee>http://ethos.bl.uk/OrderDetails.do?uin=uk.bl.ethos.670357</ee>
<note type="source">British Library, EThOS</note>
</phdthesis>
<phdthesis mdate="2016-08-24" key="phd/ethos/GomezBardon10">
<author>Mar&iacute;a del Roc&iacute;o G&oacute;mez Bard&oacute;n</author>
<title>Mathematical models and simulations of complex social systems.</title>
<year>2010</year>
<school>University of Birmingham, UK</school>
<ee>http://etheses.bham.ac.uk/1287/</ee>
<ee>http://ethos.bl.uk/OrderDetails.do?uin=uk.bl.ethos.526277</ee>
<note type="source">British Library, EThOS</note>
</phdthesis>
<phdthesis mdate="2016-10-04" key="phd/ethos/Jones94d">
<author>Graeme Angus Jones</author>
<title>Stereoscopic correspondence processes applied to linear features.</title>
<year>1994</year>
<school>King's College London, UK</school>
<ee>http://eprints.kingston.ac.uk/7544/</ee>
<ee>http://ethos.bl.uk/OrderDetails.do?uin=uk.bl.ethos.554982</ee>
<note type="source">British Library, EThOS</note>
</phdthesis>
<phdthesis mdate="2016-08-31" key="phd/ethos/Dearing08">
<author>Thomas Ian Dearing</author>
<title>The development and application of online modelling methods.</title>
<year>2008</year>
<school>University of Hull, Kingston upon Hull, UK</school>
<ee>http://hydra.hull.ac.uk/resources/hull:5782</ee>
<ee>http://ethos.bl.uk/OrderDetails.do?uin=uk.bl.ethos.445282</ee>
<note type="source">British Library, EThOS</note>
</phdthesis>
<phdthesis mdate="2016-08-24" key="phd/ethos/Tsiskaridze11">
<author>Nestan Tsiskaridze</author>
<title>Conflict resolution.</title>
<year>2011</year>
<school>University of Manchester, UK</school>
<ee>http://www.manchester.ac.uk/escholar/uk-ac-man-scw:122316</ee>
<ee>http://ethos.bl.uk/OrderDetails.do?uin=uk.bl.ethos.548679</ee>
<note type="source">British Library, EThOS</note>
</phdthesis>
<phdthesis mdate="2016-11-03" key="phd/ethos/Xu14">
<author>Lei Xu 0002</author>
<title>Cellular distributed and parallel computing.</title>
<year>2014</year>
<school>University of Oxford, UK</school>
<ee>http://ora.ox.ac.uk/objects/uuid:88ffe124-c2fd-4144-86fe-47b35f4908bd</ee>
<ee>http://ethos.bl.uk/OrderDetails.do?uin=uk.bl.ethos.669823</ee>
<note type="source">British Library, EThOS</note>
</phdthesis>
<phdthesis mdate="2016-08-11" key="phd/ethos/Chitty73">
<author>A. Chitty</author>
<title>Low pressure pneumatic servomechanisms.</title>
<year>1973</year>
<school>University of London, UK</school>
<ee>http://eprints.mdx.ac.uk/9881/</ee>
<ee>http://ethos.bl.uk/OrderDetails.do?uin=uk.bl.ethos.576703</ee>
<note type="source">British Library, EThOS</note>
</phdthesis><phdthesis mdate="2016-09-02" key="phd/ethos/Butterley07">
<author>Paul Butterley</author>
<title>Topics in quantum information theory.</title>
<year>2007</year>
<school>University of York, UK</school>
<ee>http://ethos.bl.uk/OrderDetails.do?uin=uk.bl.ethos.444697</ee>
<note type="source">British Library, EThOS</note>
</phdthesis>
<phdthesis mdate="2018-05-15" key="phd/ethos/Alhadreti16">
<author>Obead Alhadreti</author>
<title>Thinking about thinking aloud: an investigation of think-aloud methods in usability testing.</title>
<year>2016</year>
<school>University of East Anglia, Norwich, UK</school>
<ee>http://ethos.bl.uk/OrderDetails.do?uin=uk.bl.ethos.699593</ee>
<ee>https://ueaeprints.uea.ac.uk/61487/</ee>
<note type="source">British Library, EThOS</note>
</phdthesis>
<phdthesis mdate="2016-08-24" key="phd/ethos/Zanardi11">
<author>Valentina Zanardi</author>
<title>Addressing the cold start problem in tag-based recommender systems.</title>
<year>2011</year>
<school>University College London, UK</school>
<ee>http://discovery.ucl.ac.uk/1310580/</ee>
<ee>http://ethos.bl.uk/OrderDetails.do?uin=uk.bl.ethos.565309</ee>
<note type="source">British Library, EThOS</note>
</phdthesis>
<phdthesis mdate="2016-08-31" key="phd/ethos/Care08">
<author>Charles Care</author>
<title>From analogy-making to modelling : the history of analog computing as a modelling technology.</title>
<year>2008</year>
<school>University of Warwick, Coventry, UK</school>
<ee>http://wrap.warwick.ac.uk/2381/</ee>
<ee>http://ethos.bl.uk/OrderDetails.do?uin=uk.bl.ethos.487808</ee>
<note type="source">British Library, EThOS</note>
</phdthesis>
<phdthesis mdate="2018-04-14" key="phd/ethos/Kriegel15">
<author>Michael Kriegel</author>
<title>Towards a crowdsourced solution for the authoring bottleneck in interactive narratives.</title>
<year>2015</year>
<school>Heriot-Watt University, Edinburgh, UK</school>
<ee>http://ethos.bl.uk/OrderDetails.do?uin=uk.bl.ethos.695421</ee>
<ee>http://hdl.handle.net/10399/3000</ee>
<note type="source">British Library, EThOS</note>
</phdthesis>
<phdthesis mdate="2016-09-16" key="phd/ethos/Turner03">
<author>James David Turner</author>
<title>A dynamic prediction and monitoring framework for distributed applications.</title>
<year>2003</year>
<school>University of Warwick, Coventry, UK</school>
<ee>http://ethos.bl.uk/OrderDetails.do?uin=uk.bl.ethos.396960</ee>
<note type="source">British Library, EThOS</note>
</phdthesis>
<phdthesis mdate="2016-08-25" key="phd/ethos/Yu10b">
<author>Chi Wai Yu</author>
<title>Hybrid FPGA : architecture and interface.</title>
<year>2010</year>
<school>Imperial College London, UK</school>
<ee>http://ethos.bl.uk/OrderDetails.do?uin=uk.bl.ethos.517695</ee>
<note type="source">British Library, EThOS</note>
</phdthesis>
<phdthesis mdate="2016-09-16" key="phd/ethos/Roe03">
<author>Chris Roe</author>
<title>Computers for learning : an empirical modelling perspective.</title>
<year>2003</year>
<school>University of Warwick, Coventry, UK</school>
<ee>http://wrap.warwick.ac.uk/58823/</ee>
<ee>http://ethos.bl.uk/OrderDetails.do?uin=uk.bl.ethos.406800</ee>
<note type="source">British Library, EThOS</note>
</phdthesis>
<phdthesis mdate="2016-10-06" key="phd/ethos/Diakonikolaou92">
<author>George Diakonikolaou</author>
<title>Methodological support for developing complex information systems.</title>
<year>1992</year>
<school>University of Manchester, UK</school>
<ee>http://ethos.bl.uk/OrderDetails.do?uin=uk.bl.ethos.335120</ee>
<note type="source">British Library, EThOS</note>
</phdthesis>
<phdthesis mdate="2017-04-05" key="phd/ethos/Fletcher14">
<author>Craig Fletcher</author>
<title>The evaluation of a novel haptic machining VR-based process planning system using an original process planning usability method.</title>
<year>2014</year>
<school>Heriot-Watt University, Edinburgh, UK</school>
<ee>http://hdl.handle.net/10399/2797</ee>
<ee>http://ethos.bl.uk/OrderDetails.do?uin=uk.bl.ethos.650574</ee>
<note type="source">British Library, EThOS</note>
</phdthesis>
<phdthesis mdate="2017-04-05" key="phd/ethos/Parhizkar16">
<author>Minou Parhizkar</author>
<title>Impact analysis of enterprise resource planning post-implementation modifications.</title>
<year>2016</year>
<school>City University London, UK</school>
<ee>http://openaccess.city.ac.uk/16151/</ee>
<ee>http://ethos.bl.uk/OrderDetails.do?uin=uk.bl.ethos.702031</ee>
<note type="source">British Library, EThOS</note>
</phdthesis>
<phdthesis mdate="2016-09-26" key="phd/ethos/Kempster00">
<author>Tim Kempster</author>
<title>Modelling, analysing and model checking commit protocols.</title>
<year>2000</year>
<school>University of Edinburgh, UK</school>
<ee>http://hdl.handle.net/1842/15148</ee>
<ee>http://ethos.bl.uk/OrderDetails.do?uin=uk.bl.ethos.653289</ee>
<note type="source">British Library, EThOS</note>
</phdthesis>
<phdthesis mdate="2016-09-21" key="phd/ethos/Law01">
<author>Greg Law</author>
<title>A new protection model for component-based operating systems.</title>
<year>2001</year>
<school>City University London, UK</school>
<ee>http://ethos.bl.uk/OrderDetails.do?uin=uk.bl.ethos.390950</ee>
<note type="source">British Library, EThOS</note>
</phdthesis>
<phdthesis mdate="2016-08-22" key="phd/ethos/Borowiecki11">
<author>Konrad Borowiecki</author>
<title>Addressing the reactiveness problem in sensor networks using rich task representation.</title>
<year>2011</year>
<school>Cardiff University, UK</school>
<ee>http://orca.cf.ac.uk/28931/</ee>
<ee>http://ethos.bl.uk/OrderDetails.do?uin=uk.bl.ethos.567237</ee>
<note type="source">British Library, EThOS</note>
</phdthesis>
<phdthesis mdate="2016-09-16" key="phd/ethos/Cakic03">
<author>Jovan Cakic</author>
<title>A high-level framework for policy-based management of distributed systems.</title>
<year>2003</year>
<school>University of Kent, UK</school>
<ee>http://kar.kent.ac.uk/13878/</ee>
<ee>http://ethos.bl.uk/OrderDetails.do?uin=uk.bl.ethos.404548</ee>
<note type="source">British Library, EThOS</note>
</phdthesis>
<phdthesis mdate="2016-09-26" key="phd/ethos/Wise00">
<author>Kevin D. Wise</author>
<title>Computing global configuration-space maps using multidimensional set-theoretic modelling.</title>
<year>2000</year>
<school>University of Bath, Somerset, UK</school>
<ee>http://ethos.bl.uk/OrderDetails.do?uin=uk.bl.ethos.311180</ee>
<note type="source">British Library, EThOS</note>
</phdthesis>
<phdthesis mdate="2016-08-19" key="phd/ethos/Scalavino12">
<author>Enrico Scalavino</author>
<title>A data protection architecture for derived data control in partially disconnected networks.</title>
<year>2012</year>
<school>Imperial College London, UK</school>
<ee>http://ethos.bl.uk/OrderDetails.do?uin=uk.bl.ethos.560638</ee>
<note type="source">British Library, EThOS</note>
</phdthesis>
<phdthesis mdate="2016-09-02" key="phd/ethos/Tongchai08">
<author>Nilubon Tongchai</author>
<title>Enhancing learning through opening the group model in a synchronous computer-based environment.</title>
<year>2008</year>
<school>University of Glasgow, UK</school>
<ee>http://theses.gla.ac.uk/195/</ee>
<ee>http://ethos.bl.uk/OrderDetails.do?uin=uk.bl.ethos.495207</ee>
<note type="source">British Library, EThOS</note>
</phdthesis>
<phdthesis mdate="2016-10-10" key="phd/ethos/Kopec82">
<author>Danny Kopec</author>
<title>Human and machine representations of knowledge.</title>
<year>1982</year>
<school>University of Edinburgh, UK</school>
<ee>http://hdl.handle.net/1842/8122</ee>
<ee>http://ethos.bl.uk/OrderDetails.do?uin=uk.bl.ethos.330600</ee>
<note type="source">British Library, EThOS</note>
</phdthesis>
<mastersthesis mdate="2017-12-26" key="phd/Schulte92">
<author>Christian Schulte 0001</author>
<title>Entwurf und Implementierung eines &uuml;bersetzenden Systems f&uuml;r das intuitionistische logische Programmieren auf der Warren Abstract Machine.</title>
<year>1991</year>
<school>Universit&auml;t Karlsruhe, Institut f&uuml;r Logik, Komplexit&auml;t und Deduktionssysteme</school>
</mastersthesis><phdthesis mdate="2002-01-03" key="phd/Hellerstein95">
<author>Joseph M. Hellerstein</author>
<title>Optimization and Execution Techniques for Queries With Expensive Methods</title>
<year>1995</year>
<school>Univ. of Wisconsin-Madison</school>
</phdthesis>
